City,Latitude,Longitude,Max Temperature (F),Humidity,Cloudiness,Wind Speed,County,Date
Maragogi,-9.0122,-35.2225,25.56,84,46,4.0,BR,1652560648
Poronaysk,49.2167,143.1167,2.99,82,100,7.77,RU,1652560649
Yar-Sale,66.8333,70.8333,1.84,100,100,4.28,RU,1652560649
Loa Janan,-0.583,117.095,23.56,99,100,0.69,ID,1652560650
Yellowknife,62.456,-114.3525,15.31,26,75,6.71,CA,1652560650
Busselton,-33.65,115.3333,14.61,73,100,3.17,AU,1652560651
Buanoy,10.4675,123.6999,25.96,83,98,1.55,PH,1652560651
Padang,-0.9492,100.3543,25.9,85,9,1.54,ID,1652560651
Bambous Virieux,-20.3428,57.7575,24.14,73,40,3.09,MU,1652560652
Vaini,-21.2,-175.2,24.09,64,40,4.12,TO,1652560652
Porto-Novo,6.4965,2.6036,28.9,80,79,3.43,BJ,1652560653
Tsimmerbude,54.675,20.1347,11.03,74,100,8.91,RU,1652560653
Qaanaaq,77.484,-69.3632,-6.85,76,96,0.52,GL,1652560654
Tuktoyaktuk,69.4541,-133.0374,-5.0,93,100,5.14,CA,1652560654
Norman Wells,65.282,-126.8329,4.02,70,75,9.26,CA,1652560654
Airai,-8.9266,125.4092,16.25,96,74,0.39,TL,1652560655
Arraial do Cabo,-22.9661,-42.0278,22.98,73,0,3.6,BR,1652560655
Butaritari,3.0707,172.7902,27.08,75,16,4.14,KI,1652560655
Hobart,-42.8794,147.3294,14.01,76,75,3.09,AU,1652560627
Ushuaia,-54.8,-68.3,6.81,70,20,3.6,AR,1652560656
Rikitea,-23.1203,-134.9692,24.54,70,0,9.59,PF,1652560656
Daurāla,29.1167,77.6833,31.87,9,0,2.62,IN,1652560657
Nhulunbuy,-12.2333,136.7667,20.34,94,15,0.0,AU,1652560468
Yala,6.3333,101.25,27.56,95,93,1.14,TH,1652560657
Bathsheba,13.2167,-59.5167,29.34,65,20,9.26,BB,1652560658
Kijabe,-0.933,36.5758,15.78,86,55,3.58,KE,1652560658
Cabo San Lucas,22.8909,-109.9124,31.45,45,20,4.63,MX,1652560659
Hithadhoo,-0.6,73.0833,28.29,68,98,4.82,MV,1652560659
Belle Fourche,44.6714,-103.8522,20.83,20,99,3.74,US,1652560659
New Norfolk,-42.7826,147.0587,13.82,72,65,1.34,AU,1652560660
Palmer,42.1584,-72.3287,28.34,55,100,6.69,US,1652560468
Bengkulu,-3.8004,102.2655,25.58,91,56,2.03,ID,1652560466
San Rafael del Sur,11.8485,-86.4384,34.54,53,44,4.4,NI,1652560660
Dingle,10.9995,122.6711,24.98,88,98,1.4,PH,1652560661
Kūhdasht,33.535,47.6061,17.5,24,3,2.36,IR,1652560661
Atuona,-9.8,-139.0333,25.71,78,83,8.0,PF,1652560661
Bethel,41.3712,-73.414,26.21,74,75,4.12,US,1652560545
Poum,-20.2333,164.0167,24.89,77,88,7.91,NC,1652560662
Khani,41.9563,42.9566,9.76,78,97,2.26,GE,1652560662
Kapaa,22.0752,-159.319,27.18,79,20,6.69,US,1652560663
East London,-33.0153,27.9116,16.18,78,38,2.78,ZA,1652560663
Broome,42.2506,-75.833,25.43,70,75,4.02,US,1652560664
Mercedes,-34.6515,-59.4307,15.58,33,84,3.39,AR,1652560664
Okha,53.5739,142.9478,1.16,99,100,6.69,RU,1652560664
Torbay,47.6666,-52.7314,4.31,80,75,5.66,CA,1652560380
Shimokizukuri,40.8061,140.3861,11.64,75,100,5.84,JP,1652560665
Vestmannaeyjar,63.4427,-20.2734,7.23,86,100,12.0,IS,1652560665
Tiksi,71.6872,128.8694,-12.9,96,46,1.59,RU,1652560666
Iqaluit,63.7506,-68.5145,-5.15,73,100,11.83,CA,1652560666
Hermanus,-34.4187,19.2345,14.15,77,14,2.76,ZA,1652560666
Albany,42.6001,-73.9662,28.35,58,96,1.34,US,1652560588
Senno,59.5336,33.9167,2.92,84,56,1.92,RU,1652560667
Saint Paul Harbor,57.79,-152.4072,7.73,53,100,7.2,US,1652560667
Tiznit Province,29.5833,-9.5,19.28,65,78,0.97,MA,1652560419
Coquimbo,-29.9533,-71.3436,14.85,82,40,4.12,CL,1652560454
Port Macquarie,-31.4333,152.9167,18.27,94,74,2.71,AU,1652560506
Upernavik,72.7868,-56.1549,-7.5,82,12,2.26,GL,1652560399
Mitchell,43.7094,-98.0298,21.73,26,0,5.14,US,1652560668
Saint George,37.1041,-113.5841,33.77,8,0,2.06,US,1652560412
Hamilton,39.1834,-84.5333,30.4,50,40,4.63,US,1652560509
Luanda,-8.8368,13.2343,24.23,87,19,3.05,AO,1652560615
Cantapoy,9.4906,125.4364,25.74,85,100,0.58,PH,1652560669
Yulara,-25.2406,130.9889,17.24,64,90,3.49,AU,1652560669
Dikson,73.5069,80.5464,-1.12,91,100,3.03,RU,1652560670
Puerto Ayora,-0.7393,-90.3518,26.98,94,74,1.34,EC,1652560670
Lüderitz,-26.6481,15.1594,15.95,48,9,5.01,NA,1652560670
Genhe,50.7833,121.5167,1.11,76,52,2.39,CN,1652560671
Sampit,-2.5333,112.95,23.99,92,100,0.33,ID,1652560671
Longyearbyen,78.2186,15.6401,-2.09,69,75,1.03,SJ,1652560672
Bubaque,11.2833,-15.8333,25.96,83,7,9.06,GW,1652560672
Narsaq,60.9167,-46.05,5.12,69,93,1.65,GL,1652560672
Punta Arenas,-53.15,-70.9167,10.06,66,20,8.23,CL,1652560420
Follonica,42.9263,10.7616,19.14,57,2,2.48,IT,1652560673
Olafsvik,64.8945,-23.7142,5.73,74,100,7.06,IS,1652560673
Athabasca,54.7169,-113.2854,16.23,48,100,4.01,CA,1652560378
Avarua,-21.2078,-159.775,23.03,94,100,6.17,CK,1652560674
Iracoubo,5.4802,-53.2011,26.5,87,99,4.71,GF,1652560674
Port Elizabeth,-33.918,25.5701,13.51,95,100,2.06,ZA,1652560675
Cody,44.5263,-109.0565,16.25,43,100,4.12,US,1652560464
Kahului,20.8947,-156.47,28.01,54,20,9.77,US,1652560675
Saint-Philippe,-21.3585,55.7679,21.77,76,58,3.56,RE,1652560462
Gamba,-2.65,10.0,25.35,93,99,2.24,GA,1652560676
Ilulissat,69.2167,-51.1,-1.99,46,20,3.09,GL,1652560676
Saskylakh,71.9167,114.0833,-4.83,96,100,4.87,RU,1652560676
Mataura,-46.1927,168.8643,5.82,93,95,1.07,NZ,1652560677
Hofn,64.2539,-15.2082,3.88,95,100,6.97,IS,1652560677
Grindavik,63.8424,-22.4338,7.97,93,100,10.29,IS,1652560478
Chokurdakh,70.6333,147.9167,-11.28,94,99,1.03,RU,1652560678
Arinos,-15.9169,-46.1056,27.46,41,89,1.93,BR,1652560678
Sioux Lookout,50.1001,-91.917,12.04,87,75,3.6,CA,1652560678
Pontes e Lacerda,-15.2261,-59.3353,28.86,53,62,1.14,BR,1652560679
Kaitangata,-46.2817,169.8464,7.08,84,98,0.91,NZ,1652560679
Adrar,20.5022,-10.0711,32.3,10,61,5.39,MR,1652560680
Aswān,24.0934,32.907,33.39,17,2,6.73,EG,1652560680
Bredasdorp,-34.5322,20.0403,12.21,80,10,0.6,ZA,1652560680
Cidreira,-30.1811,-50.2056,18.01,91,100,3.94,BR,1652560681
Biak,-0.9131,122.8766,24.4,84,99,0.72,ID,1652560481
Vao,-22.6667,167.4833,23.07,72,63,9.05,NC,1652560382
Mocuba,-16.8392,36.9856,18.11,97,0,0.53,MZ,1652560681
Vaitape,-16.5167,-151.75,27.48,64,0,6.55,PF,1652560682
Ponta do Sol,32.6667,-17.1,20.95,79,14,3.28,PT,1652560682
Aklavik,68.2191,-135.0107,-4.0,74,100,5.14,CA,1652560683
Makushino,55.2103,67.2442,9.72,72,45,3.32,RU,1652560683
Yangi Marg`ilon,40.4272,71.7189,15.4,82,75,2.06,UZ,1652560683
Jamestown,42.097,-79.2353,24.41,71,40,3.09,US,1652560684
Denton,33.2001,-97.1336,36.12,45,0,2.06,US,1652560460
Kultuk,51.7208,103.6956,8.26,54,54,3.28,RU,1652560684
Cockburn Town,21.4612,-71.1419,26.28,85,100,9.27,TC,1652560685
Mossamedes,-15.1961,12.1522,21.8,70,0,1.08,AO,1652560685
Cuiluan,47.72,128.648,7.61,73,100,4.45,CN,1652560685
Geraldton,-28.7667,114.6,14.23,88,100,5.66,AU,1652560392
Provideniya,64.3833,-173.3,2.01,94,100,3.78,RU,1652560476
Port Lincoln,-34.7333,135.8667,15.94,80,12,8.3,AU,1652560573
San Juan,-31.5375,-68.5364,15.43,54,64,6.63,AR,1652560686
Seoul,37.5683,126.9778,11.69,79,0,1.54,KR,1652560352
Mitsamiouli,-11.3847,43.2844,26.63,71,0,2.19,KM,1652560687
Tasiilaq,65.6145,-37.6368,-0.91,69,100,0.95,GL,1652560687
George Town,5.4112,100.3354,27.97,89,20,1.03,MY,1652560487
Hilo,19.7297,-155.09,27.93,69,0,3.13,US,1652560645
Saint-Joseph,-21.3667,55.6167,21.21,77,38,3.95,RE,1652560688
Erenhot,43.6475,111.9767,9.57,24,4,4.08,CN,1652560688
Bluff,-46.6,168.3333,6.0,78,93,3.51,NZ,1652560689
San Jose,37.3394,-121.895,31.07,41,20,6.69,US,1652560206
Aleksandrovsk,59.158,57.5624,8.22,77,25,2.93,RU,1652560689
Takhtamygda,54.1,123.5667,1.43,51,16,4.73,RU,1652560689
Faanui,-16.4833,-151.75,27.47,64,0,6.51,PF,1652560690
Santiago,-33.4569,-70.6483,21.66,44,75,1.54,CL,1652560690
Jalingo,8.8833,11.3667,29.61,49,15,1.46,NG,1652560691
Port Alfred,-33.5906,26.891,13.43,92,7,0.89,ZA,1652560691
Yerbogachën,61.2767,108.0108,7.71,67,11,1.32,RU,1652560691
Nueva Gerona,21.8833,-82.8,28.03,62,42,2.11,CU,1652560692
Solnechnyy,50.7214,136.6319,3.36,77,100,4.62,RU,1652560692
Villacarrillo,38.1156,-3.0848,19.89,45,28,0.27,ES,1652560693
Pisco,-13.7,-76.2167,19.45,77,40,4.12,PE,1652560693
Talnakh,69.4865,88.3972,5.67,99,100,2.81,RU,1652560694
Mariehamn,60.0973,19.9348,3.92,93,0,0.51,AX,1652560694
Nikolskoye,59.7035,30.7861,8.21,90,38,2.51,RU,1652560694
Fortuna,40.5982,-124.1573,19.96,75,0,5.66,US,1652560401
Khromtau,50.2503,58.4347,11.91,65,80,4.7,KZ,1652560695
Pangkalanbuun,-2.6833,111.6167,24.67,92,99,0.9,ID,1652560695
Leh,34.1667,77.5833,9.13,29,0,2.08,IN,1652560696
Santa Rosalía,27.3167,-112.2833,29.32,20,96,2.79,MX,1652560696
Cherskiy,68.75,161.3,-2.77,96,100,6.0,RU,1652560696
Shiyan,32.6475,110.7781,9.77,92,100,2.12,CN,1652560697
Shelburne,44.0787,-80.2041,26.44,54,65,3.69,CA,1652560473
Port Augusta,-32.5,137.7667,13.51,85,0,1.34,AU,1652560697
Vardø,70.3705,31.1107,0.99,93,14,1.03,NO,1652560698
Carnarvon,-24.8667,113.6333,17.37,52,0,7.46,AU,1652560698
Guiyang,26.5833,106.7167,11.27,100,100,4.0,CN,1652560699
Opuwo,-18.0607,13.84,18.19,35,22,0.45,NA,1652560501
Flinders,-34.5833,150.8552,20.14,91,92,2.24,AU,1652560699
Esperance,-33.8667,121.9,11.91,74,83,8.38,AU,1652560699
Arlit,18.7369,7.3853,31.67,13,22,6.76,NE,1652560700
Talaya,61.3833,152.75,0.89,90,100,1.11,RU,1652560700
Lorengau,-2.0226,147.2712,27.21,74,84,1.74,PG,1652560701
Rockport,28.0206,-97.0544,32.01,67,0,7.72,US,1652560701
Mayahi,13.9553,7.6712,30.47,12,46,3.8,NE,1652560702
Tuatapere,-46.1333,167.6833,7.16,92,94,1.84,NZ,1652560702
Teya,60.3778,92.6267,8.32,90,100,1.01,RU,1652560497
Strezhevoy,60.7333,77.5889,14.09,74,100,3.3,RU,1652560703
Kidal,18.4411,1.4078,32.57,7,5,5.2,ML,1652560703
Pevek,69.7008,170.3133,0.15,94,100,2.95,RU,1652560555
Kudahuvadhoo,2.6708,72.8944,28.62,75,100,8.62,MV,1652560703
Ancud,-41.8697,-73.8203,11.15,76,0,2.14,CL,1652560704
Mar del Plata,-38.0023,-57.5575,15.01,59,0,5.14,AR,1652560704
Clyde River,70.4692,-68.5914,-2.87,74,20,6.69,CA,1652560705
São Filipe,14.8961,-24.4956,25.47,62,100,3.75,CV,1652560705
San Patricio,28.017,-97.5169,35.1,48,3,7.67,US,1652560705
Isla Vista,34.4133,-119.861,35.5,29,0,3.6,US,1652560706
Andenes,69.3143,16.1194,5.99,87,75,5.14,NO,1652560706
Rundu,-17.9333,19.7667,16.65,36,16,1.97,NA,1652560707
Lompoc,34.6391,-120.4579,35.38,58,0,9.26,US,1652560411
Blagoyevo,63.3667,47.9167,8.65,96,95,2.01,RU,1652560707
Te Anau,-45.4167,167.7167,8.74,92,100,0.44,NZ,1652560708
Belize,17.25,-88.75,37.18,34,31,4.4,BZ,1652560708
Khatanga,71.9667,102.5,2.03,100,100,4.17,RU,1652560709
Naze,28.3667,129.4833,17.51,79,100,5.15,JP,1652560709
Anadyr,64.75,177.4833,3.28,86,40,3.0,RU,1652560709
Kostanay,53.1667,63.5833,6.16,87,0,4.0,KZ,1652560710
Izberbash,42.5696,47.8645,15.05,70,72,5.52,RU,1652560710
Cape Town,-33.9258,18.4232,16.06,77,0,4.47,ZA,1652560711
Barrow,71.2906,-156.7887,-2.99,80,100,6.17,US,1652560711
Batagay,67.6333,134.6333,-6.15,79,100,2.16,RU,1652560712
Grand Gaube,-20.0064,57.6608,24.22,76,6,2.24,MU,1652560712
Castro,-24.7911,-50.0119,14.68,83,100,1.09,BR,1652560713
Chara,56.9064,118.2631,1.43,80,41,0.07,RU,1652560713
Katsuura,35.1333,140.3,16.69,83,100,12.57,JP,1652560548
Woodward,36.4337,-99.3904,33.57,33,0,4.63,US,1652560713
Creel,27.75,-107.6333,28.78,6,10,3.11,MX,1652560714
Lenine,45.2986,35.7771,12.61,72,0,3.76,UA,1652560714
Bandarbeyla,9.4942,50.8122,27.83,83,1,9.0,SO,1652560715
Half Moon Bay,37.4636,-122.4286,30.86,63,0,10.29,US,1652560698
Rocha,-34.4833,-54.3333,12.52,91,27,2.57,UY,1652560715
College,64.8569,-147.8028,7.77,70,75,1.54,US,1652560631
Altay,47.8667,88.1167,13.75,28,83,4.16,CN,1652560716
Bambanglipuro,-7.95,110.2833,25.51,89,91,1.03,ID,1652560716
Nānākuli,21.3906,-158.1547,29.97,50,0,5.14,US,1652560716
Funadhoo,6.15,73.2667,26.87,83,100,9.02,MV,1652560717
Chui,-33.6971,-53.4616,15.65,82,85,2.64,UY,1652560717
Ratnagiri,16.9833,73.3,28.22,75,100,2.8,IN,1652560718
Tabou,4.423,-7.3528,24.53,88,100,1.42,CI,1652560718
Landau,49.2075,8.1133,17.95,61,43,1.16,DE,1652560718
Pathein,16.7833,94.7333,26.96,83,5,1.66,MM,1652560719
Saldanha,-33.0117,17.9442,12.03,83,0,5.71,ZA,1652560703
Viedma,-40.8135,-62.9967,10.9,55,1,6.71,AR,1652560719
Sukumo,32.9333,132.7333,13.91,73,90,2.45,JP,1652560720
Requena,39.4883,-1.1004,14.73,74,40,2.24,ES,1652560720
Rosario,-32.9468,-60.6393,19.97,24,0,4.63,AR,1652560565
Petropavlovsk-Kamchatskiy,53.0452,158.6483,4.33,100,75,7.0,RU,1652560721
Constitución,-35.3333,-72.4167,14.46,57,72,4.55,CL,1652560721
Campagna,40.6653,15.1059,17.42,88,2,0.45,IT,1652560721
Taltal,-25.4,-70.4833,18.25,69,23,2.63,CL,1652560722
Lebu,-37.6167,-73.65,11.71,78,13,7.55,CL,1652560454
Waddān,29.1614,16.139,22.02,24,0,3.94,LY,1652560722
Kuril'sk,45.2333,147.8833,5.8,82,77,5.37,RU,1652560723
Baracoa,20.3467,-74.4958,26.87,78,99,1.6,CU,1652560723
Eilat,29.5581,34.9482,31.91,23,14,4.12,IL,1652560517
Dwārka,22.2394,68.9678,28.36,82,0,8.44,IN,1652560724
Dongsheng,39.8161,109.9776,7.34,21,4,2.78,CN,1652560724
Quixadá,-4.9714,-39.0153,25.98,74,83,1.71,BR,1652560724
Kamaishi,39.2667,141.8833,11.51,75,100,3.45,JP,1652560725
Lake Havasu City,34.4839,-114.3224,38.37,2,0,2.57,US,1652560725
Lere,10.387,8.5726,26.27,59,78,1.93,NG,1652560726
Sergeevka,53.88,67.4158,9.96,83,32,2.75,KZ,1652560726
Morondava,-20.2833,44.2833,22.77,73,0,3.89,MG,1652560726
Souillac,-20.5167,57.5167,24.21,73,40,3.09,MU,1652560727
Saint-Pierre,-21.3393,55.4781,21.82,73,0,3.6,RE,1652560727
Ekhabi,53.5102,142.9671,1.14,100,100,6.11,RU,1652560728
Wabana,47.6332,-52.9481,4.2,77,75,5.66,CA,1652560728
Dubbo,-32.25,148.6167,16.07,100,100,0.0,AU,1652560728
Phan Thiet,10.9333,108.1,26.27,90,100,1.39,VN,1652560729
Vanimo,-2.6741,141.3028,25.07,86,85,2.0,PG,1652560729
Malinyi,-8.9333,36.1333,21.27,91,95,0.81,TZ,1652560730
Callaguip,18.0714,120.4867,27.59,75,93,1.08,PH,1652560730
Guerrero Negro,27.9769,-114.0611,25.29,39,100,6.53,MX,1652560730
Caravelas,-17.7125,-39.2481,23.43,73,100,3.33,BR,1652560731
Les Mureaux,49.0,1.9167,20.01,67,0,2.57,FR,1652560731
Thompson,55.7435,-97.8558,7.09,100,100,2.06,CA,1652560556
Port Hardy,50.6996,-127.4199,11.1,71,100,7.2,CA,1652560732
Ust-Kuyga,70.0167,135.6,-8.88,93,74,1.84,RU,1652560732
Andili,7.462,125.9701,23.65,94,100,0.88,PH,1652560733
Bandrele,-12.9067,45.1914,26.86,83,75,3.09,YT,1652560733
Koulamoutou,-1.1303,12.4736,23.9,92,99,0.87,GA,1652560734
Alofi,-19.0595,-169.9187,24.94,61,40,4.12,NU,1652560734
Atherton,53.5237,-2.4935,17.08,64,0,1.73,GB,1652560734
Sobolevo,54.4299,31.8996,7.82,94,100,3.68,RU,1652560735
Manta,-0.95,-80.7333,29.88,66,75,1.54,EC,1652560735
Oranjemund,-28.55,16.4333,12.79,83,0,5.21,NA,1652560736
San Cristobal,7.7669,-72.225,27.1,55,42,2.74,VE,1652560736
Pontianak,-0.0333,109.3333,24.99,100,91,0.51,ID,1652560736
Panzhihua,26.5851,101.7128,18.05,85,100,2.29,CN,1652560737
Scarborough,54.2797,-0.4044,13.76,79,41,6.26,GB,1652560523
Chabahar,25.2919,60.643,28.38,67,0,3.8,IR,1652560737
Sumkino,58.1108,68.3244,9.06,81,100,2.54,RU,1652560738
Måløy,61.9353,5.1136,8.18,89,100,5.16,NO,1652560738
Kisaran,2.9845,99.6158,24.21,98,92,0.96,ID,1652560738
Plettenberg Bay,-34.0527,23.3716,13.51,80,0,2.05,ZA,1652560739
Murray Bridge,-35.1167,139.2667,15.62,90,0,3.63,AU,1652560739
Saint Anthony,45.0205,-93.218,23.77,36,0,5.66,US,1652560725
Gobabis,-22.45,18.9667,16.13,25,0,3.47,NA,1652560740
Abhā,18.2164,42.5053,20.9,11,0,3.09,SA,1652560740
Asău,46.4333,26.4,16.51,70,91,1.8,RO,1652560741
Sarakhs,36.5449,61.1577,18.58,31,1,4.41,IR,1652560741
Labuhan,-6.8844,112.2051,26.48,85,89,2.3,ID,1652560742
Chapais,49.7834,-74.8492,23.88,45,100,2.35,CA,1652560742
Nizwá,22.9333,57.5333,26.5,28,0,0.67,OM,1652560742
Saddiqabad,28.3062,70.1307,34.47,13,0,6.38,PK,1652560743
Kalmunai,7.4167,81.8167,26.26,83,100,4.14,LK,1652560743
Sinnamary,5.3833,-52.95,26.63,86,100,4.6,GF,1652560744
Campbell River,50.0163,-125.2446,9.77,87,100,5.66,CA,1652560744
Santa Isabel,-23.3156,-46.2214,23.61,84,60,1.43,BR,1652560745
Qaqortoq,60.7167,-46.0333,0.77,73,91,1.21,GL,1652560745
Bridlington,54.0831,-0.1919,13.96,90,17,4.14,GB,1652560746
Talara,-4.5772,-81.2719,25.42,65,0,5.66,PE,1652560746
Betioky,-23.7167,44.3833,19.66,51,0,1.53,MG,1652560746
College Station,30.628,-96.3344,33.77,47,40,4.12,US,1652560766
Dhidhdhoo,6.8833,73.1,27.55,76,100,9.31,MV,1652560767
Beyneu,45.3167,55.2,18.16,49,28,4.66,KZ,1652560767
Narón,43.5167,-8.1528,22.47,89,78,2.39,ES,1652560767
Ambilobe,-13.2,49.05,20.36,83,0,1.75,MG,1652560768
Kulu,39.0951,33.0799,16.25,48,67,2.13,TR,1652560768
Newala,-10.9431,39.2787,17.2,91,23,1.94,TZ,1652560769
Dzhebariki-Khaya,62.2167,135.8,2.31,92,93,0.54,RU,1652560769
Uyemskiy,64.4743,40.8524,11.03,100,75,1.0,RU,1652560769
Hearst,49.6835,-83.6665,16.14,50,90,3.49,CA,1652560770
Tondano,1.3038,124.9112,19.53,98,100,1.59,ID,1652560770
Nioro,13.35,-15.75,31.82,31,4,4.44,GM,1652560771
Batagay-Alyta,67.8006,130.4114,-12.34,89,20,1.86,RU,1652560771
Province of Mantua,45.1667,10.7833,21.58,77,97,0.89,IT,1652560771
Marawi,7.9986,124.2928,21.03,92,100,1.0,PH,1652560772
Hambantota,6.1241,81.1185,25.71,89,100,8.65,LK,1652560772
Mandan,46.8267,-100.8896,19.09,40,40,9.26,US,1652560773
Kruisfontein,-34.0033,24.7314,10.49,88,1,2.37,ZA,1652560773
Longfeng,46.55,125.1167,9.11,53,82,4.37,CN,1652560774
Havelock,34.8791,-76.9013,25.55,81,40,4.63,US,1652560774
Pindi Gheb,33.2402,72.2661,34.09,6,98,3.89,PK,1652560775
Whitecourt,54.1502,-115.6855,12.58,35,75,1.03,CA,1652560775
Cayenne,4.9333,-52.3333,29.02,1,20,6.17,GF,1652560775
Viranşehir,37.2353,39.7631,21.9,40,83,4.85,TR,1652560776
Winnemucca,40.973,-117.7357,23.03,25,0,3.6,US,1652560776
Vengerovo,55.6848,76.7471,14.79,58,71,1.55,RU,1652560777
Ribeira Grande,38.5167,-28.7,16.22,72,40,11.32,PT,1652560777
Pyshma,56.9523,63.2513,8.48,78,12,4.04,RU,1652560777
Chongwe,-15.3292,28.682,14.78,65,0,0.92,ZM,1652560778
Saint-Augustin,51.226,-58.6502,11.04,61,57,0.67,CA,1652560778
Amapá,1.0,-52.0,24.68,98,100,1.22,BR,1652560628
Jalu,29.0331,21.5482,22.24,39,0,6.86,LY,1652560778
Inírida,3.8653,-67.9239,29.56,74,98,0.51,CO,1652560779
Kayerkan,69.3497,87.7602,5.29,86,100,1.85,RU,1652560779
Turbat,26.0023,63.044,30.96,38,0,1.33,PK,1652560780
Batemans Bay,-35.7167,150.1833,18.39,92,100,0.97,AU,1652560780
Rosarito,32.3333,-117.0333,34.26,44,3,3.94,MX,1652560749
Sept-Îles,50.2001,-66.3821,20.29,61,20,4.63,CA,1652560781
Atar,20.5169,-13.0499,35.58,11,88,3.15,MR,1652560781
Raudeberg,61.9875,5.1352,7.7,89,100,5.27,NO,1652560781
Kiruna,67.8557,20.2251,1.51,93,100,2.06,SE,1652560782
Forsytheganj,52.6333,29.7333,8.25,94,20,4.4,BY,1652560782
Mogocha,53.7333,119.7667,-0.02,72,80,1.34,RU,1652560516
Morón,-34.6534,-58.6198,18.83,39,35,2.41,AR,1652560783
Kloulklubed,7.0419,134.2556,23.28,73,67,3.76,PW,1652560783
Bereda,43.2686,-7.5406,14.33,96,100,1.52,ES,1652560784
Berdigestyakh,62.0989,126.6992,-3.84,79,10,3.37,RU,1652560784
Falun,60.6036,15.626,11.23,56,41,1.67,SE,1652560784
Aksu,41.1231,80.2644,18.31,44,81,1.84,CN,1652560785
Xihe,31.6864,113.4659,12.54,77,99,2.06,CN,1652560785
Sur,22.5667,59.5289,28.44,70,0,0.47,OM,1652560786
Vila Velha,-20.3297,-40.2925,24.97,73,75,3.09,BR,1652560558
Margate,51.3813,1.3862,13.5,85,74,0.45,GB,1652560786
Hakkâri Province,37.5833,44.1667,9.88,66,75,2.06,TR,1652560786
Coyhaique,-45.5752,-72.0662,10.34,62,0,0.0,CL,1652560686
Ponta Delgada,37.7333,-25.6667,18.61,88,75,10.29,PT,1652560787
Alyangula,-13.8483,136.4192,23.38,60,63,1.17,AU,1652560788
Ribas do Rio Pardo,-20.4431,-53.7592,23.82,64,44,0.52,BR,1652560788
Killybegs,54.6333,-8.45,10.86,81,80,2.19,IE,1652560788
Maceió,-9.6658,-35.7353,25.69,88,100,4.12,BR,1652560789
Shache,38.4167,77.2406,21.51,47,93,5.64,CN,1652560789
Pandan,14.0453,124.1694,26.92,82,100,3.7,PH,1652560790
Leningradskiy,69.3833,178.4167,1.97,97,100,2.4,RU,1652560790
Zemio,5.0314,25.1361,20.38,96,73,1.36,CF,1652560791
Natal,-5.795,-35.2094,28.12,83,40,4.12,BR,1652560791
Namatanai,-3.6667,152.4333,26.43,76,19,1.67,PG,1652560791
Belaya Gora,68.5333,146.4167,-5.77,83,100,1.86,RU,1652560792
Usinsk,65.9939,57.5281,9.53,86,100,6.31,RU,1652560792
Naryan-Mar,67.6713,53.087,5.24,85,3,4.29,RU,1652560793
Aksarka,66.5606,67.7975,4.13,99,100,3.44,RU,1652560793
Port Huron,42.9709,-82.4249,29.13,42,20,4.63,US,1652560794
Yumen,40.2833,97.2,8.72,27,1,3.18,CN,1652560794
Sørland,67.667,12.6934,5.92,88,31,8.97,NO,1652560794
Vavoua,7.3819,-6.4778,23.21,97,99,2.75,CI,1652560795
Ol'ga,43.7444,135.2892,7.26,85,84,1.98,RU,1652560795
Santo Estêvão,-12.4303,-39.2514,23.37,78,95,3.19,BR,1652560796
Korla,41.7597,86.1469,18.4,38,17,0.42,CN,1652560796
Umluj,25.0213,37.2685,34.0,25,0,3.15,SA,1652560796
Lagoa,39.05,-27.9833,15.32,72,0,13.76,PT,1652560797
Edgewater,28.9889,-80.9023,29.51,69,40,5.14,US,1652560797
Kathu,7.9178,98.3332,30.39,99,83,2.14,TH,1652560798
Denpasar,-8.65,115.2167,25.81,94,20,1.03,ID,1652560798
Kavieng,-2.5744,150.7967,27.81,72,16,3.53,PG,1652560798
Mount Gambier,-37.8333,140.7667,12.95,94,100,4.63,AU,1652560799
Opotiki,-38.0833,177.2833,12.99,94,98,0.39,NZ,1652560799
Banjar,-8.19,114.9675,25.6,86,66,0.91,ID,1652560800
Haines Junction,60.7522,-137.5108,7.97,36,100,5.14,CA,1652560800
Luís Correia,-2.8792,-41.6669,29.0,84,40,4.63,BR,1652560800
Samut Sakhon,13.5833,100.3,29.44,82,100,2.33,TH,1652560801
Erzin,36.9559,36.2,21.11,53,100,2.43,TR,1652560801
Petrokamenskoye,57.716,60.6484,7.39,85,73,3.44,RU,1652560802
Baykit,61.67,96.37,8.83,75,2,0.33,RU,1652560802
Boysun,38.2061,67.1986,14.03,77,100,1.77,UZ,1652560802
Auki,-8.7676,160.7034,26.26,83,52,0.47,SB,1652560803
Vernon,50.2581,-119.2691,12.85,52,95,0.51,CA,1652560803
Inhambane,-23.865,35.3833,20.96,76,0,3.16,MZ,1652560804
Mrakovo,52.7161,56.6244,8.47,94,99,2.68,RU,1652560804
Lichinga,-13.3128,35.2406,15.05,72,0,3.09,MZ,1652560804
Kautokeino,69.0125,23.0412,1.85,100,100,2.2,NO,1652560805
Racale,39.9631,18.0938,19.08,76,26,3.15,IT,1652560805
Nyakahanga,-1.6033,31.1414,15.11,93,50,1.3,TZ,1652560806
Pop,40.8736,71.1089,15.27,80,100,2.01,UZ,1652560806
Pangnirtung,66.1451,-65.7125,-5.7,90,88,1.56,CA,1652560807
Dagda,56.0951,27.5372,7.32,98,100,2.51,LV,1652560807
Beitbridge,-22.2167,30.0,21.92,39,18,2.72,ZW,1652560808
Great Falls,47.5002,-111.3008,15.37,34,100,4.63,US,1652560695
Noumea,-22.2763,166.4572,25.0,99,80,4.66,NC,1652560574
Eyl,7.9803,49.8164,27.83,78,4,7.84,SO,1652560808
Barma,8.35,-11.3333,21.15,98,100,1.76,SL,1652560809
Tigil',57.8,158.6667,9.93,69,100,4.79,RU,1652560715
Colares,38.7992,-9.4469,19.88,77,75,6.71,PT,1652560809
Mendi,-6.1761,143.6513,12.53,97,93,1.05,PG,1652560809
Broken Hill,-31.95,141.4333,15.27,69,91,3.77,AU,1652560810
Siavonga,-16.5382,28.7088,21.17,54,16,2.32,ZM,1652560810
Wakefield,53.6809,-1.499,16.8,68,8,0.44,GB,1652560811
Ossora,59.2353,163.0719,1.86,100,100,0.91,RU,1652560811
Quincy,42.2529,-71.0023,31.49,58,100,7.72,US,1652560656
São João da Barra,-21.6403,-41.0511,24.05,72,98,4.15,BR,1652560811
Laas,46.6166,10.7002,17.49,90,17,0.81,IT,1652560812
Verāval,20.9,70.3667,28.24,82,0,6.69,IN,1652560812
Kattivākkam,13.2167,80.3167,29.05,87,97,6.65,IN,1652560813
Nishihara,26.1842,127.7558,23.6,94,75,4.63,JP,1652560813
Primero de Enero,21.9469,-78.4283,27.64,66,100,1.03,CU,1652560814
Nanortalik,60.1432,-45.2371,0.15,79,98,1.59,GL,1652560814
Barinas,8.6226,-70.2075,31.26,52,100,2.26,VE,1652560814
Laguna,38.421,-121.4238,31.16,30,0,5.14,US,1652560815
Ngunguru,-35.6167,174.5,15.69,85,62,4.09,NZ,1652560815
Rumonge,-3.9736,29.4386,21.55,84,46,1.68,BI,1652560816
Tokoroa,-38.2333,175.8667,13.86,74,100,1.09,NZ,1652560816
Sitka,57.0531,-135.33,9.94,53,75,3.6,US,1652560816
Nouakchott,18.0858,-15.9785,29.96,47,100,5.57,MR,1652560817
Pochutla,15.7432,-96.4661,33.23,48,88,3.5,MX,1652560817
Giohar,2.7809,45.5005,25.52,82,92,4.88,SO,1652560818
Beringovskiy,63.05,179.3167,2.82,94,100,2.04,RU,1652560624
Husavik,66.0449,-17.3389,4.36,79,78,6.83,IS,1652560818
Sambava,-14.2667,50.1667,22.53,80,2,5.94,MG,1652560818
Xishan,27.6667,113.5,14.32,98,100,2.49,CN,1652560819
Sangar,63.9242,127.4739,-3.16,71,83,0.18,RU,1652560819
Nome,64.5011,-165.4064,2.87,75,0,4.12,US,1652560820
Marzuq,14.4,46.4667,22.4,17,21,1.21,YE,1652560820
Lalibela,12.0333,39.0333,17.57,37,0,3.55,ET,1652560820
Pell City,33.5862,-86.2861,30.51,52,0,0.0,US,1652560821
Bariloche,-41.1456,-71.3082,12.86,30,0,1.54,AR,1652560821
Muros,42.7762,-9.0603,16.45,87,68,3.83,ES,1652560822
Klaksvík,62.2266,-6.589,8.51,87,91,1.79,FO,1652560822
Balakhninskiy,58.0106,114.2769,3.31,97,98,0.51,RU,1652560822
Tungor,53.3808,142.9564,1.06,100,100,5.26,RU,1652560823
Waipawa,-41.4122,175.5153,12.27,93,100,1.98,NZ,1652560823
Kiryat Gat,31.61,34.7642,28.55,39,42,3.84,IL,1652560824
Bon Air,37.5249,-77.5578,22.82,86,57,0.89,US,1652560824
Ostrovnoy,68.0531,39.5131,2.62,81,67,2.4,RU,1652560781
Melfi,40.9965,15.6514,15.27,86,12,2.93,IT,1652560824
Key West,24.5557,-81.7826,32.0,67,75,0.0,US,1652560525
Tateyama,34.9833,139.8667,17.28,82,97,10.89,JP,1652560825
Avera,33.194,-82.5271,29.19,40,34,0.57,US,1652560825
‘Ewa Beach,21.3156,-158.0072,27.97,50,20,6.71,US,1652560779
Presidente Médici,-11.1753,-61.9014,28.84,76,3,0.88,BR,1652560826
Ilhabela,-23.7781,-45.3581,21.66,83,84,4.44,BR,1652560826
Novo Aripuanã,-5.1206,-60.3797,26.59,93,100,0.91,BR,1652560827
Quatre Cocos,-20.2078,57.7625,24.06,75,77,5.53,MU,1652560827
Sorrento,40.626,14.3744,19.1,90,0,0.0,IT,1652560828
Riverton,40.5219,-111.9391,25.95,23,0,2.68,US,1652560828
Acarí,-15.4311,-74.6158,23.65,60,44,3.15,PE,1652560828
Lianzhou,24.7811,112.3825,17.32,96,100,2.44,CN,1652560829
Moses Lake,47.1301,-119.2781,13.38,66,100,0.0,US,1652560798
Jacksonville Beach,30.2947,-81.3931,31.19,66,0,4.63,US,1652560829
Mount Isa,-20.7333,139.5,9.87,100,8,0.0,AU,1652560830
Paamiut,61.994,-49.6678,-0.32,69,84,9.86,GL,1652560830
Nichinan,31.6,131.3667,17.71,80,99,2.52,JP,1652560830
Qasigiannguit,68.8193,-51.1922,-1.86,77,55,1.69,GL,1652560831
Nakapiripirit,1.9167,34.7833,21.28,61,50,2.38,UG,1652560831
Sabha,27.0377,14.4283,22.08,25,0,4.23,LY,1652560832
Ereymentau,51.6199,73.1033,13.35,65,33,4.47,KZ,1652560832
Goderich,43.7501,-81.7165,25.18,57,3,3.09,CA,1652560832
Krasnoborsk,61.5598,45.934,6.2,93,97,0.2,RU,1652560833
Ulaangom,49.9811,92.0667,11.09,21,0,1.25,MN,1652560833
Durban,-29.8579,31.0292,19.96,95,100,2.68,ZA,1652560834
Kashan,33.9831,51.4364,20.72,20,0,2.57,IR,1652560834
Nelson Bay,-32.7167,152.15,17.27,97,87,2.07,AU,1652560709
Banda Aceh,5.5577,95.3222,26.82,83,93,1.13,ID,1652560834
Ladário,-19.0047,-57.6017,32.16,48,40,6.17,BR,1652560835
La Ronge,55.1001,-105.2842,3.14,87,100,4.63,CA,1652560835
Palmeiras de Goiás,-16.805,-49.9258,26.01,45,46,1.51,BR,1652560836
Belmopan,17.25,-88.7667,37.21,33,32,4.32,BZ,1652560836
Okitipupa,6.5047,4.7839,24.67,89,96,1.64,NG,1652560836
Álamos,27.0167,-108.9333,38.95,4,41,3.54,MX,1652560837
Tautira,-17.7333,-149.15,26.75,68,4,7.16,PF,1652560837
Skerries,53.5828,-6.1083,12.23,90,41,3.82,IE,1652560838
Bonthe,7.5264,-12.505,25.62,87,62,1.53,SL,1652560838
Coolum Beach,-26.5333,153.1,21.73,100,62,3.01,AU,1652560838
Manga,11.6636,-1.0731,32.3,40,64,3.57,BF,1652560839
Sinyavskoye,47.277,39.2789,13.75,83,100,5.51,RU,1652560839
Arrondissement de Morlaix,48.5833,-4.0,16.0,78,75,2.06,FR,1652560840
Ahipara,-35.1667,173.1667,18.08,78,40,4.3,NZ,1652560840
Fuente de Oro,3.4594,-73.6128,23.62,93,100,1.42,CO,1652560840
Solton,52.8429,86.4787,13.92,49,98,1.49,RU,1652560841
Yermakovskoye,53.2831,92.4003,11.7,45,32,1.06,RU,1652560841
Simao,22.7886,100.9748,17.34,95,10,0.75,CN,1652560842
Grand-Santi,4.25,-54.3833,25.93,95,100,1.36,GF,1652560842
Necochea,-38.5473,-58.7368,10.76,65,1,6.05,AR,1652560842
Sulangan,11.1373,123.7228,27.88,76,85,4.17,PH,1652560843
Kambove,-10.8764,26.5969,14.06,74,0,1.85,CD,1652560843
Salalah,17.0151,54.0924,30.05,58,0,1.03,OM,1652560844
Tabas,33.5959,56.9244,23.12,28,0,2.06,IR,1652560844
Belmonte,-15.8631,-38.8828,23.87,87,97,4.76,BR,1652560844
Ca Mau,9.1769,105.15,26.68,86,99,1.45,VN,1652560845
Kavaratti,10.5669,72.642,27.73,76,100,8.99,IN,1652560845
Chistogorskiy,53.9835,87.3843,12.38,55,70,1.78,RU,1652560846
Puerto Escondido,15.85,-97.0667,31.46,62,40,3.09,MX,1652560846
Sumbe,-11.2061,13.8437,24.0,90,25,2.76,AO,1652560846
Kaoma,-14.7833,24.8,17.32,52,31,2.16,ZM,1652560847
Brae,60.3964,-1.353,9.72,88,83,3.21,GB,1652560847
Sorong,-0.8833,131.25,24.94,86,96,1.49,ID,1652560848
Saravena,6.9538,-71.8752,30.09,60,100,0.86,CO,1652560848
Cervo,43.6702,-7.4101,17.2,94,100,5.27,ES,1652560849
Lábrea,-7.2586,-64.7981,27.76,90,57,0.37,BR,1652560849
San Andrés,12.5847,-81.7006,30.01,74,75,2.06,CO,1652560849
Jenison,42.9072,-85.792,29.38,44,100,3.58,US,1652560850
Conceição da Barra,-18.5933,-39.7322,22.35,80,93,2.58,BR,1652560850
Santa Cruz de la Sierra,-17.8,-63.1667,29.7,54,40,4.12,BO,1652560817
Vostok,46.4856,135.8833,3.9,77,65,3.14,RU,1652560851
Meadow Lake,34.8014,-106.5436,30.93,5,0,4.0,US,1652560851
Celestún,20.8667,-90.4,28.14,63,0,8.0,MX,1652560852
Provincia di Rimini,44.0241,12.5186,20.8,76,20,0.51,IT,1652560852
Chupa,66.27,33.0549,6.19,86,72,1.75,RU,1652560852
Ugoofaaru,5.6667,73.0,27.55,78,100,8.93,MV,1652560853
Luoyang,34.6836,112.4536,11.48,64,14,2.29,CN,1652560853
Zar,40.2588,44.732,14.01,51,47,2.1,AM,1652560854
Murmashi,68.8154,32.8115,7.23,60,40,3.13,RU,1652560854
Tawao,4.2498,117.8871,25.07,94,100,1.34,MY,1652560854
Tura,25.5198,90.2201,22.15,98,93,3.46,IN,1652560811
Gizo Government Station,-8.103,156.8419,27.92,75,56,2.68,SB,1652560855
Sabang,5.8933,95.3214,28.36,76,100,1.9,ID,1652560855
Zhangaözen,43.3,52.8,15.09,52,35,3.63,KZ,1652560856
Mahébourg,-20.4081,57.7,24.16,73,40,3.09,MU,1652560856
Hellín,38.5106,-1.701,19.64,46,36,2.41,ES,1652560857
Nador,35.174,-2.9287,19.14,82,75,3.6,MA,1652560857
Araouane,18.9048,-3.5265,29.52,8,76,5.3,ML,1652560857
Sojat,25.9167,73.6667,33.03,25,0,7.46,IN,1652560858
Morgan City,29.6994,-91.2068,30.57,62,59,4.79,US,1652560858
Egvekinot,66.3167,-179.1667,-2.59,99,100,2.94,RU,1652560858
Dunedin,-45.8742,170.5036,8.78,89,100,0.45,NZ,1652560859
Port Hawkesbury,45.6169,-61.3485,14.95,80,75,4.63,CA,1652560859
Tecolutla,20.4833,-97.0167,34.92,62,70,5.61,MX,1652560860
Puerto Quijarro,-17.7833,-57.7667,32.71,34,53,1.47,BO,1652560860
Hailar,49.2,119.7,5.99,56,60,3.58,CN,1652560782
Qui Nhon,13.7667,109.2333,26.98,83,100,2.27,VN,1652560861
Karratha,-20.7377,116.8463,22.42,58,0,5.3,AU,1652560861
Jumla,29.2747,82.1838,11.84,89,4,1.54,NP,1652560744
Mondlo,-27.983,30.7177,13.96,91,99,3.12,ZA,1652560861
San Jerónimo,-11.9472,-75.2829,16.86,50,64,2.47,PE,1652560862
Abbeville,50.1,1.8333,14.71,87,66,2.74,FR,1652560649
Kumul,42.8,93.45,16.88,9,34,3.16,CN,1652560751
Verkh-Suetka,53.3,80.05,15.37,75,98,2.9,RU,1652560862
Bud,39.447,-86.1758,23.99,81,97,4.49,US,1652560863
Horodnytsya,50.807,27.3168,8.67,90,10,3.2,UA,1652560863
Toktogul,41.8708,72.9402,12.08,94,100,0.75,KG,1652560864
Oranjestad,12.524,-70.027,28.97,70,20,10.8,AW,1652560864
Yaan,7.3833,8.5667,26.06,79,53,2.52,NG,1652560864
Kirkwood,38.5834,-90.4068,32.01,48,75,1.79,US,1652560853
Nizhniy Baskunchak,48.2198,46.8311,13.3,86,100,2.82,RU,1652560865
Agde,43.3108,3.4758,19.93,90,0,2.06,FR,1652560865
New Port Richey,28.2442,-82.7193,31.22,64,9,3.13,US,1652560866
Isiro,2.7739,27.616,19.04,100,69,1.03,CD,1652560866
Andros Town,24.7,-77.7667,27.98,68,29,3.03,BS,1652560816
Comodoro Rivadavia,-45.8667,-67.5,12.92,35,0,5.14,AR,1652560599
Hasaki,35.7333,140.8333,16.22,75,100,10.44,JP,1652560757
Yārāda,17.65,83.2667,29.24,84,32,4.86,IN,1652560867
Boyolangu,-8.1181,111.8935,24.42,91,99,0.25,ID,1652560867
San Quintín,30.4833,-115.95,23.35,47,12,5.53,MX,1652560868
Sonepur,20.8333,83.9167,29.89,60,60,2.31,IN,1652560868
Wajid,3.8093,43.2471,24.71,75,98,6.66,SO,1652560868
Nipawin,53.3668,-104.0009,7.02,70,100,10.29,CA,1652560804
Codrington,-38.2667,141.9667,12.59,90,61,6.27,AU,1652560869
Bělá pod Bezdězem,50.5012,14.8042,15.93,85,46,1.56,CZ,1652560869
Konosha,60.9736,40.257,4.48,98,25,2.4,RU,1652560870
Östersund,63.1792,14.6357,4.25,81,100,7.2,SE,1652560870
Taitung City,22.7583,121.1444,24.8,87,87,1.95,TW,1652560871
Tezu,27.9167,96.1667,22.01,99,100,1.19,IN,1652560871
Vuktyl,63.8567,57.3094,6.38,90,100,1.02,RU,1652560871
Dukat,62.55,155.55,-1.7,98,100,2.14,RU,1652560872
Lethem,3.3803,-59.7968,30.94,56,100,3.73,GY,1652560872
Thatta,24.7475,67.9235,27.64,85,0,8.86,PK,1652560873
Isangel,-19.55,169.2667,24.41,68,100,6.02,VU,1652560873
Murray,40.6669,-111.888,26.2,22,0,3.09,US,1652560874
Severo-Kuril'sk,50.6789,156.125,3.71,92,100,13.52,RU,1652560874
Yen Bai,21.7,104.8667,24.07,98,100,0.35,VN,1652560875
Myitkyina,25.3833,97.4,22.7,99,100,0.2,MM,1652560875
Muroto-misakicho,33.2833,134.15,17.45,73,65,4.17,JP,1652560876
La Providencia,28.7167,-111.5833,39.8,15,100,5.32,MX,1652560876
Nemuro,43.3236,145.575,6.84,79,100,4.88,JP,1652560876
Djibo,14.1022,-1.6306,33.2,8,100,4.44,BF,1652560877
Stromness,58.965,-3.296,10.98,84,98,5.1,GB,1652560807
Kieta,-6.2167,155.6333,26.54,73,54,0.66,PG,1652560877
Manyana,-23.4,21.7167,18.91,28,0,2.35,BW,1652560878
Lumphat,13.4878,106.9816,26.52,88,100,1.29,KH,1652560878
Makkah al Mukarramah,21.4267,39.8261,32.51,26,0,2.25,SA,1652560878
Bilibino,68.0546,166.4372,1.68,100,100,3.93,RU,1652560879
Lavrentiya,65.5833,-171.0,-0.65,97,96,3.8,RU,1652560879
Saurimo,-9.6608,20.3916,19.29,52,0,2.22,AO,1652560880
Hobyo,5.3505,48.5268,27.38,79,81,11.01,SO,1652560880
Miramar,25.9873,-80.2323,31.11,68,20,7.2,US,1652560713
Lata,40.1629,-8.3327,15.86,89,3,1.01,PT,1652560880
Gönen,40.1049,27.654,17.98,79,9,1.18,TR,1652560881
